"Created Date","Order ID","Query Class","Query Category","Product Name","SKU","Batch Number","Delivery Partner","Month","Week","Source"
"1/22/2026","697267b75092d544792bb5be","Product Suggestion/Recommendation","Dull skin issue","","","","","1_Jan'26","1_Jan Week 4","instagram"
"1/22/2026","6970fb3592934424568bd72d","Product Suggestion/Recommendation","Tan issue","","","","","1_Jan'26","1_Jan Week 4","whatsapp"
"1/22/2026","68fdcebb3bf002838ff22602","Product Suggestion/Recommendation","Dry skin issue","","","","","1_Jan'26","1_Jan Week 4","whatsapp"
"1/22/2026","696b6196e49cb63cc2c379c3","Product Suggestion/Recommendation","Dry skin issue","","","","","1_Jan'26","1_Jan Week 4","whatsapp"
"1/22/2026","6972277205f07d29d63e1dcc","Product Suggestion/Recommendation","Body-acne issue","","","","","1_Jan'26","1_Jan Week 4","whatsapp"
"1/22/2026","694a27cee92d2ebc30ddbdaf","Product Suggestion/Recommendation","Body-acne issue","","","","","1_Jan'26","1_Jan Week 4","whatsapp"
"1/23/2026","69736cf9bcc5713811b1d28b","Product Suggestion/Recommendation","Dull skin issue","","","","","1_Jan'26","1_Jan Week 4","whatsapp"
"1/23/2026","6972f94e5092d544792f44e7","Product Suggestion/Recommendation","Dull skin issue","","","","","1_Jan'26","1_Jan Week 4","whatsapp"
"1/26/2026","6977a89f89f90357e821c8c0","Product Suggestion/Recommendation","Dry skin issue","","","","","1_Jan'26","1_Jan Week 4","whatsapp"
"1/26/2026","6976e43c08388e092cae3aa0","Product Suggestion/Recommendation","Dry skin issue","","","","","1_Jan'26","1_Jan Week 4","whatsapp"
"1/25/2026","6945225702ffd7a3448b5091","Product Suggestion/Recommendation","Tan issue","","","","","1_Jan'26","1_Jan Week 4","whatsapp"
"1/25/2026","6976006b08388e092ca7d8a3","Product Suggestion/Recommendation","Dry skin issue","","","","","1_Jan'26","1_Jan Week 4","whatsapp"
"1/25/2026","6975eeb908388e092ca62e4a","Product Suggestion/Recommendation","Dry skin issue","","","","","1_Jan'26","1_Jan Week 4","instagram"
"1/24/2026","6974e3e9c97ceafa1b4cd728","Product Suggestion/Recommendation","Tan issue","","","","","1_Jan'26","1_Jan Week 4","whatsapp"
"1/24/2026","6974b258e1278558aba66449","Product Suggestion/Recommendation","Body-acne issue","","","","","1_Jan'26","1_Jan Week 4","instagram"
"1/28/2026","6979f53ad1bbd73744db8389","Product Suggestion/Recommendation","Body-acne issue","","","","","1_Jan'26","1_Jan Week 4","instagram"
"1/28/2026","6979f148d1bbd73744db2fc1","Product Suggestion/Recommendation","Tan issue","","","","","1_Jan'26","1_Jan Week 4","instagram"
"1/28/2026","6979d69dd1bbd73744d8bae0","Product Suggestion/Recommendation","Body-smell issue","","","","","1_Jan'26","1_Jan Week 4","instagram"
"1/28/2026","6979bd5c43a9003c37fa23a8","Product Suggestion/Recommendation","Dry skin issue","","","","","1_Jan'26","1_Jan Week 4","instagram"
"1/29/2026","7426907","Product Suggestion/Recommendation","Tan issue","","","","","1_Jan'26","1_Jan Week 5","whatsapp"
"1/30/2026","697cc84d1a0ebb7f3f318791","Product Suggestion/Recommendation","Body-acne issue","","","","","1_Jan'26","1_Jan Week 5","whatsapp"
"1/30/2026","697c8d531c231e47efbc4892","Product Suggestion/Recommendation","Tan issue","","","","","1_Jan'26","1_Jan Week 5","whatsapp"
"1/30/2026","697c2cd092f7b1c88844d4c4","Product Suggestion/Recommendation","Dry skin issue","","","","","1_Jan'26","1_Jan Week 5","instagram"
"1/29/2026","697bab1e69fca88fd166055e","Product Suggestion/Recommendation","Dry skin issue","","","","","1_Jan'26","1_Jan Week 5","instagram"
"2/1/2026","697ed84773ee237dac8339aa","Product Suggestion/Recommendation","Tan issue","","","","DELHIVERY","2_Feb'26","2_Feb Week 1","whatsapp"
"1/30/2026","697c98571a0ebb7f3f2cc7d5","Product Suggestion/Recommendation","Dry skin issue","","","","DELHIVERY","1_Jan'26","1_Jan Week 5","instagram"
"2/1/2026","697f2952fb2413027801f0fc","Product Suggestion/Recommendation","Dry skin issue","","","","DELHIVERY","2_Feb'26","2_Feb Week 1","whatsapp"
"1/31/2026","697ddefcb433d7d3ad8b805f","Product Suggestion/Recommendation","Tan issue","","","","DELHIVERY","1_Jan'26","1_Jan Week 5","instagram"
"2/1/2026","697efff5c384a7a88259c11b","Product Suggestion/Recommendation","Dull skin issue","","","","DELHIVERY","2_Feb'26","2_Feb Week 1","instagram"
"2/1/2026","697ecb3f7d7c759b50eb45c6","Product Suggestion/Recommendation","Body-acne issue","","","","DELHIVERY","2_Feb'26","2_Feb Week 1","whatsapp"
"1/31/2026","697dfc7db433d7d3ad8f9653","Product Suggestion/Recommendation","Dull skin issue","","","","DELHIVERY","1_Jan'26","1_Jan Week 5","whatsapp"
"1/29/2026","697b2928cc92c9f2a31c8d7f","Product Suggestion/Recommendation","Dull skin issue","","","","DELHIVERY","1_Jan'26","1_Jan Week 5","whatsapp"
"2/2/2026","6980a53122f0268c227b7610","Product Suggestion/Recommendation","Body-acne issue","","","","","2_Feb'26","2_Feb Week 1","whatsapp"
"2/2/2026","69424a135873dd1d37237a86","Product Suggestion/Recommendation","Body-acne issue","","","","","2_Feb'26","2_Feb Week 1","whatsapp"
"2/2/2026","698076fbbc44e3ce42c74ea0","Product Suggestion/Recommendation","Tan issue","","","","","2_Feb'26","2_Feb Week 1","instagram"
"2/2/2026","6980464051feb3ee4849a5ef","Product Suggestion/Recommendation","Body-acne issue","","","","","2_Feb'26","2_Feb Week 1","instagram"
"2/2/2026","698026a1abb8d0d92d3f3f76","Product Suggestion/Recommendation","Dull skin issue","","","","","2_Feb'26","2_Feb Week 1","instagram"
"2/3/2026","6839f62f8f97aed2f51d4ea6","Product Suggestion/Recommendation","Body-acne issue","","","","","2_Feb'26","2_Feb Week 1","whatsapp"
"2/3/2026","6979bd5c43a9003c37fa23a8","Product Suggestion/Recommendation","Tan issue","","","","","2_Feb'26","2_Feb Week 1","instagram"
"2/3/2026","698183afd07201bce82e9d80","Product Suggestion/Recommendation","Dull skin issue","","","","","2_Feb'26","2_Feb Week 1","instagram"
"2/2/2026","6980cc1422f0268c227f0d7f","Product Suggestion/Recommendation","Tan issue","","","","","2_Feb'26","2_Feb Week 1","instagram"
"2/2/2026","6980b988396c8a58011430e2","Product Suggestion/Recommendation","Tan issue","","","","","2_Feb'26","2_Feb Week 1","instagram"
"2/2/2026","69808a850b1d788e2ab2db9b","Product Suggestion/Recommendation","Tan issue","","","","","2_Feb'26","2_Feb Week 1","whatsapp"
"2/4/2026","6983100940ebcff3ce519175","Product Suggestion/Recommendation","Dry skin issue","","","","","2_Feb'26","2_Feb Week 1","instagram"
"2/4/2026","6982dbe92f67215958b565d3","Product Suggestion/Recommendation","Tan issue","","","","","2_Feb'26","2_Feb Week 1","instagram"
"2/2/2026","69802debd9d90e690bf32a3f","Product Suggestion/Recommendation","Dry skin issue","","","","","2_Feb'26","2_Feb Week 1","instagram"
"2/5/2026","68b9a6d500ade40487a266f4","Product Suggestion/Recommendation","Dull skin issue","","","","","2_Feb'26","2_Feb Week 1","whatsapp"
"2/3/2026","68cab592496532119508544e","Product Suggestion/Recommendation","Dull skin issue","","","","","2_Feb'26","2_Feb Week 1","whatsapp"
"2/5/2026","69846a25564a4a0382b2611a","Product Suggestion/Recommendation","Dry skin issue","","","","","2_Feb'26","2_Feb Week 1","whatsapp"
"2/3/2026","697c68a4657ed35979fd96f3","Product Suggestion/Recommendation","Tan issue","","","","","2_Feb'26","2_Feb Week 1","whatsapp"
"2/6/2026","694fad24874a79b981048c83","Product Suggestion/Recommendation","Tan issue","","","","","2_Feb'26","2_Feb Week 1","instagram"
"2/6/2026","6984db2027eecdfbdbe59b85","Product Suggestion/Recommendation","Tan issue","","","","","2_Feb'26","2_Feb Week 1","whatsapp"
"2/4/2026","6913ec7da39f4a7e5e2dc79e","Product Suggestion/Recommendation","Dry skin issue","","","","","2_Feb'26","2_Feb Week 1","instagram"
"2/5/2026","69818213d07201bce82e5cad","Product Suggestion/Recommendation","Tan issue","","","","","2_Feb'26","2_Feb Week 1","whatsapp"
"2/4/2026","6982e7ac2f67215958b7b847","Product Suggestion/Recommendation","Dry skin issue","","","","","2_Feb'26","2_Feb Week 1","whatsapp"
"2/8/2026","69882c6ae7e155968a581b97","Product Suggestion/Recommendation","Tan issue","","","","","2_Feb'26","2_Feb Week 2","instagram"
"2/7/2026","697b0aee647c969caa5d352c","Product Suggestion/Recommendation","Tan issue","","","","","2_Feb'26","2_Feb Week 1","whatsapp"
"2/7/2026","698772ebe7e155968a508199","Product Suggestion/Recommendation","Tan issue","","","","","2_Feb'26","2_Feb Week 1","whatsapp"
"2/5/2026","697cbbc61a0ebb7f3f30c4fa","Product Suggestion/Recommendation","Tan issue","","","","","2_Feb'26","2_Feb Week 1","whatsapp"
"2/5/2026","69842dd73a92b671e471a21b","Product Suggestion/Recommendation","Body-acne issue","","","","","2_Feb'26","2_Feb Week 1","instagram"
"2/5/2026","6983f6138a6243f6c493ee28","Product Suggestion/Recommendation","Tan issue","","","","","2_Feb'26","2_Feb Week 1","instagram"
"2/6/2026","69863dd81079c14813f4f04e","Product Suggestion/Recommendation","Dry skin issue","","","","","2_Feb'26","2_Feb Week 1","whatsapp"
"2/10/2026","N/A","Product Suggestion/Recommendation","Tan issue","","","","","2_Feb'26","2_Feb Week 2","instagram"
"2/11/2026","698c860a96a645de4d5e1f4e","Product Suggestion/Recommendation","Tan issue","","","","","2_Feb'26","2_Feb Week 2","whatsapp"
"2/9/2026","69882c4eeaf77101ceb4b01a","Product Suggestion/Recommendation","Dry skin issue","","","","","2_Feb'26","2_Feb Week 2","whatsapp"
"2/11/2026","68e9dad64fa7c31e4c54a525","Product Suggestion/Recommendation","Dull skin issue","","","","","2_Feb'26","2_Feb Week 2","whatsapp"
"2/9/2026","69898f07d108c8038415ccb3","Product Suggestion/Recommendation","Body-acne issue","","","","","2_Feb'26","2_Feb Week 2","whatsapp"
"2/10/2026","698b1b0100b3dbb04997aa9b","Product Suggestion/Recommendation","Dull skin issue","","","","","2_Feb'26","2_Feb Week 2","instagram"
"2/11/2026","698ca1244d357d46c3568fd9","Product Suggestion/Recommendation","Dull skin issue","","","","","2_Feb'26","2_Feb Week 2","instagram"
"2/12/2026","698daf6e8eb65e39f2f4ee78","Product Suggestion/Recommendation","Tan issue","","","","","2_Feb'26","2_Feb Week 2","whatsapp"
"2/12/2026","698d938ecc5c29f1bfd662a3","Product Suggestion/Recommendation","Body-acne issue","","","","","2_Feb'26","2_Feb Week 2","whatsapp"
"2/12/2026","698d938ecc5c29f1bfd662a3","Product Suggestion/Recommendation","Body-acne issue","","","","","2_Feb'26","2_Feb Week 2","whatsapp"
"2/12/2026","68e00a2d302783df209be13c","Product Suggestion/Recommendation","Dry skin issue","","","","","2_Feb'26","2_Feb Week 2","whatsapp"
"2/12/2026","698dc1a2114ef949c59db8ba","Product Suggestion/Recommendation","Tan issue","","","","","2_Feb'26","2_Feb Week 2","instagram"
"2/14/2026","69903b08379455ee17d031bb","Product Suggestion/Recommendation","Dry skin issue","","","","","2_Feb'26","2_Feb Week 2","instagram"
"2/14/2026","699058cf379455ee17d4eeb4","Product Suggestion/Recommendation","Tan issue","","","","","2_Feb'26","2_Feb Week 2","instagram"
"2/12/2026","698d7efb53a3ea0974951af4","Product Suggestion/Recommendation","Dull skin issue","","","","","2_Feb'26","2_Feb Week 2","instagram"
"2/12/2026","6920aee8ffbc1ca684a72af7","Product Suggestion/Recommendation","Tan issue","","","","","2_Feb'26","2_Feb Week 2","whatsapp"
"2/13/2026","68c507d5ada2a30b01529c69","Product Suggestion/Recommendation","Dull skin issue","","","","","2_Feb'26","2_Feb Week 2","whatsapp"
"2/12/2026","698d38a2e794500792969059","Product Suggestion/Recommendation","Tan issue","","","","","2_Feb'26","2_Feb Week 2","whatsapp"
"2/13/2026","698f4d426f2794138660c8f3","Product Suggestion/Recommendation","Dull skin issue","","","","","2_Feb'26","2_Feb Week 2","whatsapp"
"2/13/2026","698dc4ff8eb65e39f2f8ed6a","Product Suggestion/Recommendation","Dry skin issue","","","","","2_Feb'26","2_Feb Week 2","instagram"
"2/13/2026","694d40972c89fdbe0b268312","Product Suggestion/Recommendation","Tan issue","","","","","2_Feb'26","2_Feb Week 2","whatsapp"
"2/12/2026","698e2ae309e51ccbec185d87","Product Suggestion/Recommendation","Dull skin issue","","","","","2_Feb'26","2_Feb Week 2","whatsapp"
"2/12/2026","698dd8e21126901b5913d9bf","Product Suggestion/Recommendation","Dull skin issue","","","","","2_Feb'26","2_Feb Week 2","instagram"
"2/13/2026","698ea80971fda7f595049070","Product Suggestion/Recommendation","Body-acne issue","","","","","2_Feb'26","2_Feb Week 2","whatsapp"
"2/13/2026","6971b609554f3ae9e6a8779f","Product Suggestion/Recommendation","Tan issue","","","","","2_Feb'26","2_Feb Week 2","whatsapp"
"2/13/2026","6988bbafcda4a00766bc17bb","Product Suggestion/Recommendation","Dry skin issue","","","","","2_Feb'26","2_Feb Week 2","whatsapp"
"2/12/2026","698deded1126901b5915aebb","Product Suggestion/Recommendation","Dull skin issue","","","","","2_Feb'26","2_Feb Week 2","instagram"
"2/12/2026","698e2ae309e51ccbec185d87","Product Suggestion/Recommendation","Dull skin issue","","","","","2_Feb'26","2_Feb Week 2","whatsapp"
"2/15/2026","7570014","Product Suggestion/Recommendation","Dry skin issue","","","","","2_Feb'26","2_Feb Week 3","whatsapp"
"2/15/2026","7590937","Product Suggestion/Recommendation","Tan issue","","","","","2_Feb'26","2_Feb Week 3","whatsapp"
"2/13/2026","N/A","Product Suggestion/Recommendation","Body-acne issue","","","","","2_Feb'26","2_Feb Week 2","instagram"
"2/14/2026","69908619379455ee17dab0aa","Product Suggestion/Recommendation","Dry skin issue","","","","","2_Feb'26","2_Feb Week 2","instagram"
"2/14/2026","69904d83379455ee17d32089","Product Suggestion/Recommendation","Dull skin issue","","","","","2_Feb'26","2_Feb Week 2","whatsapp"
"2/14/2026","69904b3d379455ee17d2cd18","Product Suggestion/Recommendation","Body-acne issue","","","","","2_Feb'26","2_Feb Week 2","instagram"
"2/16/2026","693f944bdbba01ceb7fa6cc1","Product Suggestion/Recommendation","Tan issue","","","","","2_Feb'26","2_Feb Week 3","whatsapp"
"2/14/2026","69901cc4379455ee17cbb088","Product Suggestion/Recommendation","Body-acne issue","","","","","2_Feb'26","2_Feb Week 2","whatsapp"
"2/15/2026","699190c7982c059eadabeef4","Product Suggestion/Recommendation","Dry skin issue","","","","","2_Feb'26","2_Feb Week 3","whatsapp"
"2/17/2026","6910d370ac0dd4a917d60138","Product Suggestion/Recommendation","Tan issue","","","","","2_Feb'26","2_Feb Week 3","instagram"
"2/17/2026","699433c48ab7edf0648b0027","Product Suggestion/Recommendation","Dry skin issue","","","","","2_Feb'26","2_Feb Week 3","whatsapp"
"2/17/2026","699433c48ab7edf0648b0027","Product Suggestion/Recommendation","Dry skin issue","","","","","2_Feb'26","2_Feb Week 3","whatsapp"
"2/17/2026","69941c483b62a29e1b4b0447","Product Suggestion/Recommendation","Dry skin issue","","","","","2_Feb'26","2_Feb Week 3","instagram"
"2/15/2026","69913ba9379455ee17e14a80","Product Suggestion/Recommendation","Tan issue","","","","","2_Feb'26","2_Feb Week 3","whatsapp"
"2/18/2026","68bee24e9f6e0a7f8289d540","Product Suggestion/Recommendation","Dry skin issue","","","","","2_Feb'26","2_Feb Week 3","whatsapp"
"2/16/2026","69930de5c636bf04fa0692d0","Product Suggestion/Recommendation","Dull skin issue","","","","","2_Feb'26","2_Feb Week 3","whatsapp"
"2/16/2026","699190c7982c059eadabeef4","Product Suggestion/Recommendation","Dry skin issue","","","","","2_Feb'26","2_Feb Week 3","whatsapp"
"2/16/2026","69930d73d62330bc2425aa9d","Product Suggestion/Recommendation","Dry skin issue","","","","","2_Feb'26","2_Feb Week 3","whatsapp"
"2/17/2026","6964d6ed30e7f31fcc259900","Product Suggestion/Recommendation","Tan issue","","","","","2_Feb'26","2_Feb Week 3","instagram"
"2/17/2026","69944a178ab7edf0648ec13a","Product Suggestion/Recommendation","Tan issue","","","","","2_Feb'26","2_Feb Week 3","whatsapp"
"2/19/2026","6996d63d4130010141a16f5a","Product Suggestion/Recommendation","Dry skin issue","","","","","2_Feb'26","2_Feb Week 3","whatsapp"
"2/17/2026","69942aa93b62a29e1b4db463","Product Suggestion/Recommendation","Tan issue","","","","","2_Feb'26","2_Feb Week 3","whatsapp"
"2/17/2026","69940f5beb515f01228d5a34","Product Suggestion/Recommendation","Dry skin issue","","","","","2_Feb'26","2_Feb Week 3","whatsapp"
"2/18/2026","6995c725d44f3177ee8abb87","Product Suggestion/Recommendation","Tan issue","","","","","2_Feb'26","2_Feb Week 3","whatsapp"
"2/18/2026","6995c18bd44f3177ee8a4d9d","Product Suggestion/Recommendation","Dry skin issue","","","","","2_Feb'26","2_Feb Week 3","whatsapp"
"2/20/2026","69848ba1750b0dc52b71004d","Product Suggestion/Recommendation","Tan issue","","","","","2_Feb'26","2_Feb Week 3","whatsapp"
"2/20/2026","69982a56aa202788db7e800f","Product Suggestion/Recommendation","Dry skin issue","","","","","2_Feb'26","2_Feb Week 3","whatsapp"
"2/18/2026","6995326bb8cae9bfe6c8dd0b","Product Suggestion/Recommendation","Dry skin issue","","","","","2_Feb'26","2_Feb Week 3","instagram"
"2/18/2026","6991b89a982c059eadb157ba","Product Suggestion/Recommendation","Dull skin issue","","","","","2_Feb'26","2_Feb Week 3","whatsapp"
"2/17/2026","692d81b4dc06cbc17af5f7a3","Product Suggestion/Recommendation","Dull skin issue","","","","","2_Feb'26","2_Feb Week 3","whatsapp"
"2/17/2026","6994b8580aea4069c2ac0c92","Product Suggestion/Recommendation","Dry skin issue","","","","","2_Feb'26","2_Feb Week 3","instagram"
"2/20/2026","696b22531aa1c24f3eddcc23","Product Suggestion/Recommendation","Tan issue","","","","","2_Feb'26","2_Feb Week 3","whatsapp"
"2/20/2026","69982a56aa202788db7e800f","Product Suggestion/Recommendation","Dull skin issue","","","","","2_Feb'26","2_Feb Week 3","whatsapp"
"2/21/2026","6999671f9d83105294f8ad36","Product Suggestion/Recommendation","Body-acne issue","","","","","2_Feb'26","2_Feb Week 3","instagram"
"2/21/2026","6999671f9d83105294f8ad36","Product Suggestion/Recommendation","Body-acne issue","","","","","2_Feb'26","2_Feb Week 3","instagram"
"2/23/2026","699c841400da5de0d5c0bb06","Product Suggestion/Recommendation","Tan issue","","","","","2_Feb'26","2_Feb Week 4","whatsapp"
"2/25/2026","699f0b86b1501915c6947d62","Product Suggestion/Recommendation","Dull skin issue","","","","","2_Feb'26","2_Feb Week 4","whatsapp"
"2/23/2026","699c1e81fb368454326cc80a","Product Suggestion/Recommendation","Dry skin issue","","","","","2_Feb'26","2_Feb Week 4","instagram"
"2/24/2026","699ddacd77afb26fdc209170","Product Suggestion/Recommendation","Body-smell issue","","","","","2_Feb'26","2_Feb Week 4","instagram"
"2/25/2026","699e79b71f61e21f39056c7d","Product Suggestion/Recommendation","Dull skin issue","","","","","2_Feb'26","2_Feb Week 4","instagram"
"2/22/2026","699b01e111efa68d5f6e9359","Product Suggestion/Recommendation","Dull skin issue","","","","","2_Feb'26","2_Feb Week 4","whatsapp"
"2/24/2026","N/A","Product Suggestion/Recommendation","Tan issue","","","","","2_Feb'26","2_Feb Week 4","instagram"
"2/26/2026","N/A","Product Suggestion/Recommendation","Tan issue","","","","","2_Feb'26","2_Feb Week 4","whatsapp"
"2/26/2026","N/A","Product Suggestion/Recommendation","Dull skin issue","","","","","2_Feb'26","2_Feb Week 4","instagram"
"2/26/2026","ECOMMERCE","Product Suggestion/Recommendation","Dry skin issue","","","","","2_Feb'26","2_Feb Week 4","instagram"
"2/24/2026","N/A","Product Suggestion/Recommendation","Dry skin issue","","","","","2_Feb'26","2_Feb Week 4","instagram"
"2/27/2026","69a1bd72c68ad03b825cf198","Product Suggestion/Recommendation","Dry skin issue","","","","","2_Feb'26","2_Feb Week 4","instagram"
"2/25/2026","699f017fb1501915c693dc09","Product Suggestion/Recommendation","Tan issue","","","","","2_Feb'26","2_Feb Week 4","whatsapp"
"2/27/2026","69a14534e91d60213026f24c","Product Suggestion/Recommendation","Tan issue","","","","","2_Feb'26","2_Feb Week 4","instagram"
"2/26/2026","69a015e6947713ae299c488e","Product Suggestion/Recommendation","Tan issue","","","","","2_Feb'26","2_Feb Week 4","instagram"
"2/25/2026","699e9877f1dc51fc099ce2b6","Product Suggestion/Recommendation","Tan issue","","","","","2_Feb'26","2_Feb Week 4","whatsapp"
"2/25/2026","699e434577afb26fdc23842d","Product Suggestion/Recommendation","Tan issue","","","","","2_Feb'26","2_Feb Week 4","instagram"
"2/27/2026","N/A","Product Suggestion/Recommendation","Tan issue","","","","","2_Feb'26","2_Feb Week 4","whatsapp"
"3/1/2026","N/A","Product Suggestion/Recommendation","Tan issue","","","","","3_Mar'26","3_Mar Week 1","whatsapp"
"2/28/2026","N/A","Product Suggestion/Recommendation","Dull skin issue","","","","","2_Feb'26","2_Feb Week 4","whatsapp"
"2/28/2026","N/A","Product Suggestion/Recommendation","Body-smell issue","","","","","2_Feb'26","2_Feb Week 4","whatsapp"
"2/28/2026","7590896","Product Suggestion/Recommendation","Body-smell issue","","","","","2_Feb'26","2_Feb Week 4","whatsapp"
"2/26/2026","N/A","Product Suggestion/Recommendation","Dull skin issue","","","","","2_Feb'26","2_Feb Week 4","instagram"
"2/26/2026","N/A","Product Suggestion/Recommendation","Body-acne issue","","","","","2_Feb'26","2_Feb Week 4","instagram"
"2/26/2026","N/A","Product Suggestion/Recommendation","Body-acne issue","","","","","2_Feb'26","2_Feb Week 4","instagram"
"3/1/2026","69a38b85d29a768875338508","Product Suggestion/Recommendation","Tan issue","","","","","3_Mar'26","3_Mar Week 1","instagram"
"2/28/2026","69a314b9cbb269652bbc2d26","Product Suggestion/Recommendation","Tan issue","","","","","2_Feb'26","2_Feb Week 4","whatsapp"
"2/28/2026","69a2f44005353308e0ee67bc","Product Suggestion/Recommendation","Body-acne issue","","","","","2_Feb'26","2_Feb Week 4","whatsapp"
"3/2/2026","69a54c2f52bfa83f2959e9b2","Product Suggestion/Recommendation","Tan issue","","","","","3_Mar'26","3_Mar Week 1","whatsapp"
"2/28/2026","69a2d060b9b9444cbe9ab7fc","Product Suggestion/Recommendation","Tan issue","","","","","2_Feb'26","2_Feb Week 4","whatsapp"
"2/28/2026","69a2a6d5b9b9444cbe94b483","Product Suggestion/Recommendation","Dry skin issue","","","","","2_Feb'26","2_Feb Week 4","instagram"
"2/28/2026","69a29b25f96a49b2b0f41daa","Product Suggestion/Recommendation","Body-acne issue","","","","","2_Feb'26","2_Feb Week 4","whatsapp"
"2/28/2026","69a2063fdf8c9bff56d02b24","Product Suggestion/Recommendation","Dry skin issue","","","","","2_Feb'26","2_Feb Week 4","instagram"
"3/3/2026","N/A","Product Suggestion/Recommendation","Tan issue","","","","","3_Mar'26","3_Mar Week 1","whatsapp"
"3/3/2026","69a70b58896b6ae68b14bdef","Product Suggestion/Recommendation","Dry skin issue","","","","","3_Mar'26","3_Mar Week 1","whatsapp"
"3/3/2026","69a6ff6013e303f194ab99ee","Product Suggestion/Recommendation","Tan issue","","","","","3_Mar'26","3_Mar Week 1","whatsapp"
"3/3/2026","69a99dfe220acb1775de09c2","Product Suggestion/Recommendation","Dull skin issue","","","","","3_Mar'26","3_Mar Week 1","whatsapp"
"3/3/2026","6999b8d5bdf8dc684a365bda","Product Suggestion/Recommendation","Body-acne issue","","","","","3_Mar'26","3_Mar Week 1","whatsapp"
"3/3/2026","69a91c16d4e75f8af21ca96f","Product Suggestion/Recommendation","Dry skin issue","","","","","3_Mar'26","3_Mar Week 1","whatsapp"
"3/3/2026","69a963f8f2415f8a329057fa","Product Suggestion/Recommendation","Body-acne issue","","","","","3_Mar'26","3_Mar Week 1","whatsapp"
"3/3/2026","69a6bfec896b6ae68b0fabed","Product Suggestion/Recommendation","Tan issue","","","","","3_Mar'26","3_Mar Week 1","instagram"
"3/3/2026","69a68629896b6ae68b0a5590","Product Suggestion/Recommendation","Body-acne issue","","","","","3_Mar'26","3_Mar Week 1","whatsapp"
"3/3/2026","69a68c51896b6ae68b0afb23","Product Suggestion/Recommendation","Body-acne issue","","","","","3_Mar'26","3_Mar Week 1","instagram"
"3/4/2026","68c00763e160535ec74d90d9","Product Suggestion/Recommendation","Body-acne issue","","","","","3_Mar'26","3_Mar Week 1","whatsapp"
"3/6/2026","69aae10f593bfe4d28541bd9","Product Suggestion/Recommendation","Dull skin issue","","","","","3_Mar'26","3_Mar Week 1","instagram"
"3/4/2026","699835c6aa202788db8015a5","Product Suggestion/Recommendation","Tan issue","","","","","3_Mar'26","3_Mar Week 1","whatsapp"
"3/6/2026","6985bd1527eecdfbdbf7a9a5","Product Suggestion/Recommendation","Tan issue","","","","","3_Mar'26","3_Mar Week 1","whatsapp"
"3/7/2026","699ca216f4a856b9788a6517","Product Suggestion/Recommendation","Dry skin issue","","","","","3_Mar'26","3_Mar Week 1","instagram"
"3/6/2026","6937c646415e8217bb20f157","Product Suggestion/Recommendation","Body-acne issue","","","","","3_Mar'26","3_Mar Week 1","whatsapp"
"3/8/2026","69ad472dcfa72d143aee73ec","Product Suggestion/Recommendation","Dull skin issue","","","","","3_Mar'26","3_Mar Week 2","whatsapp"
"3/6/2026","69aaa038bad367343dcf2483","Product Suggestion/Recommendation","Dry skin issue","","","","","3_Mar'26","3_Mar Week 1","whatsapp"
"3/8/2026","68a57979569757d0ad021748","Product Suggestion/Recommendation","Dry skin issue","","","","","3_Mar'26","3_Mar Week 2","whatsapp"
"3/6/2026","69aa48cd6a68d27350558cfd","Product Suggestion/Recommendation","Body-acne issue","","","","","3_Mar'26","3_Mar Week 1","whatsapp"
"3/5/2026","69a98b6e831c78276abef5ff","Product Suggestion/Recommendation","Tan issue","","","","","3_Mar'26","3_Mar Week 1","instagram"
"3/7/2026","69aa88fd593bfe4d284509f0","Product Suggestion/Recommendation","Tan issue","","","","","3_Mar'26","3_Mar Week 1","whatsapp"
"3/5/2026","69a953def309516cfd9fae2c","Product Suggestion/Recommendation","Tan issue","","","","","3_Mar'26","3_Mar Week 1","whatsapp"
"3/5/2026","69a933c9b30390299835a822","Product Suggestion/Recommendation","Dry skin issue","","","","","3_Mar'26","3_Mar Week 1","whatsapp"
"3/7/2026","698c9c874d357d46c35655f7","Product Suggestion/Recommendation","Tan issue","","","","","3_Mar'26","3_Mar Week 1","whatsapp"
"3/6/2026","69aae10f593bfe4d28541bd9","Product Suggestion/Recommendation","Dull skin issue","","","","","3_Mar'26","3_Mar Week 1","instagram"
"3/7/2026","69ac3a752e746d53332c82fc","Product Suggestion/Recommendation","Tan issue","","","","","3_Mar'26","3_Mar Week 1","whatsapp"
"3/7/2026","69a98f1a831c78276abf3964","Product Suggestion/Recommendation","Dry skin issue","","","","","3_Mar'26","3_Mar Week 1","whatsapp"
"3/7/2026","699db365f6fcb88f35db82a7","Product Suggestion/Recommendation","Body-acne issue","","","","","3_Mar'26","3_Mar Week 1","whatsapp"
"3/7/2026","69abcd2fd351cd233b9ee1ee","Product Suggestion/Recommendation","Dull skin issue","","","","","3_Mar'26","3_Mar Week 1","whatsapp"
"3/8/2026","69ad99b432c10d749e6f086b","Product Suggestion/Recommendation","Body-acne issue","","","","","3_Mar'26","3_Mar Week 2","instagram"
"3/8/2026","69a9c043831c78276ac3dbf9","Product Suggestion/Recommendation","Tan issue","","","","","3_Mar'26","3_Mar Week 2","instagram"
"3/8/2026","69ad12d3839df467d0171774","Product Suggestion/Recommendation","Dull skin issue","","","","","3_Mar'26","3_Mar Week 2","whatsapp"
"3/12/2026","69b287143bc0402e949ee5a5","Product Suggestion/Recommendation","Tan issue","","","","","3_Mar'26","3_Mar Week 2","instagram"
"3/13/2026","69b3b6cc930e1fa235c767d1","Product Suggestion/Recommendation","Dull skin issue","","","","","3_Mar'26","3_Mar Week 2","whatsapp"
"3/6/2026","69aab616bad367343dd2f818","Product Suggestion/Recommendation","Dull skin issue","","","","","3_Mar'26","3_Mar Week 1","instagram"
"3/14/2026","69a0479ad05c86ce12cb7f46","Product Suggestion/Recommendation","Tan issue","","","","","3_Mar'26","3_Mar Week 2","instagram"
"3/21/2026","69be332321c5f05b4a272127","Product Suggestion/Recommendation","Dull skin issue","","","","","3_Mar'26","3_Mar Week 3","whatsapp"
"3/20/2026","69bcf8f9578949fa658c287c","Product Suggestion/Recommendation","Body-acne issue","","","","","3_Mar'26","3_Mar Week 3","instagram"
"3/23/2026","69c137d277b35602b2491634","Product Suggestion/Recommendation","Dry skin issue","","","","","3_Mar'26","3_Mar Week 4","instagram"
"3/24/2026","69c207bc85ca869923348c1b","Product Suggestion/Recommendation","Body-smell issue","","","","","3_Mar'26","3_Mar Week 4","whatsapp"
"3/25/2026","69bcf8f9578949fa658c287c","Product Suggestion/Recommendation","Body-acne issue","","","","","3_Mar'26","3_Mar Week 4","instagram"
"3/25/2026","7856871","Product Suggestion/Recommendation","Dull skin issue","","","","","3_Mar'26","3_Mar Week 4","whatsapp"
"3/26/2026","N/A","Product Suggestion/Recommendation","Tan issue","","","","","3_Mar'26","3_Mar Week 4","whatsapp"
"4/1/2026","69cd0d8b99db53f0b84c0358","Product Suggestion/Recommendation","Dry skin issue","","","","","4_Apr'26","4_Apr Week 1","whatsapp"
"4/6/2026","69d38b241c804dc5de304cc2","Product Suggestion/Recommendation","Dry skin issue","","","","","4_Apr'26","4_Apr Week 1","instagram"
"4/7/2026","69d4f40ae4415b8f6ea5dca1","Product Suggestion/Recommendation","Dull skin issue","","","","","4_Apr'26","4_Apr Week 1","whatsapp"
"4/10/2026","6865b35fc8fc6af7b49e8396","Product Suggestion/Recommendation","Tan Issue","","","","","4_Apr'26","4_Apr Week 2","whatsapp"
"4/14/2026","8011397","Product Suggestion/Recommendation","Tan Issue","","","","","4_Apr'26","4_Apr Week 2","whatsapp"
"4/13/2026","69dd115ee7ce4ced24efd0f5","Product Suggestion/Recommendation","Tan Issue","","","","","4_Apr'26","4_Apr Week 2","instagram"
"4/15/2026","7995896","Product Suggestion/Recommendation","Tan issue","","","","ElasticRun","4_Apr'26","4_Apr Week 3","whatsapp"
"4/17/2026","N/A","Product Suggestion/Recommendation","Tan issue","","","","","4_Apr'26","4_Apr Week 3","instagram"
"4/17/2026","8062383","Product Suggestion/Recommendation","Tan issue","","","","DELHIVERY","4_Apr'26","4_Apr Week 3","whatsapp"
"4/18/2026","N/A","Product Suggestion/Recommendation","Body-acne issue","","","","","4_Apr'26","4_Apr Week 3","instagram"
"4/18/2026","N/A","Product Suggestion/Recommendation","Tan issue","","","","","4_Apr'26","4_Apr Week 3","whatsapp"
"4/20/2026","7869727","Product Suggestion/Recommendation","Dull skin issue","","","","DELHIVERY","4_Apr'26","4_Apr Week 3","whatsapp"
"5/3/2026","N/A","Product Suggestion/Recommendation","Dehydrated skin issue","Brightening Body Wash | 5% Niacinamide & Raspberry Extracts (300ml)","MCaf383_WB","","","5_May'26","5_May Week 1","whatsapp"
"5/5/2026","N/A","Product Suggestion/Recommendation","Dull skin issue","","","","","5_May'26","5_May Week 1","instagram"
"5/5/2026","N/A","Product Suggestion/Recommendation","Dark-spots issue","","","","","5_May'26","5_May Week 1","whatsapp"
"5/6/2026","N/A","Product Suggestion/Recommendation","Simple routine","","","","","5_May'26","5_May Week 1","instagram"
"5/7/2026","N/A","Product Suggestion/Recommendation","Dull skin issue","","","","","5_May'26","5_May Week 1","instagram"
"5/7/2026","ECOMMERCE","Product Suggestion/Recommendation","Simple routine","Perfume,body lotion","","","","5_May'26","5_May Week 1","whatsapp"
"5/6/2026","N/A","Product Suggestion/Recommendation","Simple routine","","","","","5_May'26","5_May Week 1","whatsapp"
"5/8/2026","8147630","Product Suggestion/Recommendation","Dull skin issue","Black Tea Complex Night Cream - 50ml","","","Xpressbees","5_May'26","5_May Week 2","whatsapp"
"5/9/2026","N/A","Product Suggestion/Recommendation","Simple routine","","","","","5_May'26","5_May Week 2","instagram"
"5/9/2026","N/A","Product Suggestion/Recommendation","Simple routine","","","","","5_May'26","5_May Week 2","whatsapp"
"5/12/2026","6a02e62d00656bbcaff0bef2","Product Suggestion/Recommendation","Dull skin issue","","","","","5_May'26","5_May Week 2","instagram"
"5/12/2026","6a03011453912df803924b63","Product Suggestion/Recommendation","Acne-breakout issue","","","","","5_May'26","5_May Week 2","instagram"
"5/12/2026","6a028dd7b0c8acf10ae09642","Product Suggestion/Recommendation","Simple routine","Guava Tini De-Tan Body Wash - 300 ml","Mcaf396_WB","","","5_May'26","5_May Week 2","whatsapp"
"5/13/2026","N/A","Product Suggestion/Recommendation","Dull skin issue","","","","","5_May'26","5_May Week 2","whatsapp"
"5/14/2026","N/A","Product Suggestion/Recommendation","Dull skin issue","","","","","5_May'26","5_May Week 2","whatsapp"
"5/15/2026","8301146","Product Suggestion/Recommendation","Simple routine","","","","DELHIVERY","5_May'26","5_May Week 3","whatsapp"
"5/16/2026","8297057","Product Suggestion/Recommendation","Dull skin issue","Summer Breeze Perfume Body Lotion","","","DELHIVERY","5_May'26","5_May Week 3","whatsapp"
"5/16/2026","8329841","Product Suggestion/Recommendation","Dark-spots issue","Sweet Escape Perfume Body Lotion","","","","5_May'26","5_May Week 3","whatsapp"
"5/18/2026","6a0ae145c6bf4b703fa70fa7","Product Suggestion/Recommendation","Dull skin issue","","","","","5_May'26","5_May Week 3","instagram"
"5/17/2026","69ce56412a8b645e15b74d86","Product Suggestion/Recommendation","Dull skin issue","","","","","5_May'26","5_May Week 3","email"
"5/17/2026","6a0964ebe86f1da71c4a1751","Product Suggestion/Recommendation","Simple routine","","","","","5_May'26","5_May Week 3","whatsapp"
"5/17/2026","6a0a00544922a2c15b471c91","Product Suggestion/Recommendation","Simple routine","Sun Bath SPF Body Sunscreen 80+ PA ++++ Spray - 100ml","MCaf365","","","5_May'26","5_May Week 3","instagram"
"5/17/2026","6a09c44aef40e467aec9d999","Product Suggestion/Recommendation","Simple routine","","","","","5_May'26","5_May Week 3","instagram"
"5/20/2026","N/A","Product Suggestion/Recommendation","Dull skin issue","","","","","5_May'26","5_May Week 3","whatsapp"
"5/21/2026","8367370","Product Suggestion/Recommendation","Simple routine","Naked and Raw Coffee Body Scrub 15g","","","Xpressbees","5_May'26","5_May Week 3","whatsapp"
"5/21/2026","6a0ef59b581949c10e3ecfdb","Product Suggestion/Recommendation","Dark-spots issue","","","","","5_May'26","5_May Week 3","whatsapp"
"5/20/2026","6a0dde6c3bc58e7b9f6e9637","Product Suggestion/Recommendation","Simple routine","2% Salicylic Acid, 3-in-1 Perfume & Odour Control Body Wash","","","","5_May'26","5_May Week 3","instagram"
"5/22/2026","6a0b0066eae3f179cb76acef","Product Suggestion/Recommendation","Aging/wrinkles issue","","","","","5_May'26","5_May Week 4","whatsapp"
"5/22/2026","6a100171f3afe87c955c80b1","Product Suggestion/Recommendation","Dull skin issue","","","","","5_May'26","5_May Week 4","whatsapp"
"5/26/2026","6a155f7166e0c5b4c8fa12f8","Product Suggestion/Recommendation","Simple routine","","","","","5_May'26","5_May Week 4","instagram"
"5/26/2026","6a154623969fa57433a7945b","Product Suggestion/Recommendation","Dark-spots issue","","","","","5_May'26","5_May Week 4","whatsapp"
"5/26/2026","8373440","Product Suggestion/Recommendation","Simple routine","","","","Shadowfax","5_May'26","5_May Week 4","whatsapp"
"5/26/2026","6a152fc8fecb48426c724a35","Product Suggestion/Recommendation","Simple routine","","","","","5_May'26","5_May Week 4","whatsapp"
"5/25/2026","6a1478966b6d6bfe8df79b58","Product Suggestion/Recommendation","Simple routine","Exfoliating Coffee Bathing Soap for Tan Removal - 75g - Natural & 100% Vegan","MCaf165","","","5_May'26","5_May Week 4","instagram"
"5/26/2026","6a14aa8343d3a8278ba51b32","Product Suggestion/Recommendation","Dull skin issue","Exfoliating Coffee Bathing Soap for Tan Removal - 75g - Natural & 100% Vegan","MCaf165","","","5_May'26","5_May Week 4","instagram"
"5/25/2026","6a143d591301a0327cd774cc","Product Suggestion/Recommendation","Oil-control issue","","","","","5_May'26","5_May Week 4","instagram"
"5/25/2026","8346227","Product Suggestion/Recommendation","Dull skin issue","","","","DELHIVERY","5_May'26","5_May Week 4","whatsapp"
"5/25/2026","6a14054756dfe8ebe667aab8","Product Suggestion/Recommendation","Dull skin issue","Pore Clear Coffee Cookie Face Scrub- Pack of 2 (100 g)","CMB582","","","5_May'26","5_May Week 4","instagram"
"5/25/2026","8375525","Product Suggestion/Recommendation","Aging/wrinkles issue","Naked & Raw Coffee Face Scrub(100g)","","","Shadowfax","5_May'26","5_May Week 4","whatsapp"
"5/28/2026","8427583","Product Suggestion/Recommendation","Dark-spots issue","","","","DELHIVERY","5_May'26","5_May Week 4","whatsapp"
"5/28/2026","N/A","Product Suggestion/Recommendation","Simple routine","","","","","5_May'26","5_May Week 4","instagram"
"5/27/2026","8255249","Product Suggestion/Recommendation","Simple routine","","","","","5_May'26","5_May Week 4","whatsapp"
"5/28/2026","8427681","Product Suggestion/Recommendation","Simple routine","Guava Tini De-Tan Body Wash","","","","5_May'26","5_May Week 4","whatsapp"
"5/29/2026","8448060","Product Suggestion/Recommendation","Simple routine","","","","","5_May'26","5_May Week 5","whatsapp"
"5/29/2026","N/A","Product Suggestion/Recommendation","Simple routine","","","","","5_May'26","5_May Week 5","whatsapp"
"5/28/2026","8255369","Product Suggestion/Recommendation","Dull skin issue","","","","DELHIVERY","5_May'26","5_May Week 4","whatsapp"
"5/24/2026","N/A","Product Suggestion/Recommendation","Dehydrated skin issue","","","","","5_May'26","5_May Week 4","instagram"
"5/30/2026","6a1a8c417f8faee7598525a1","Product Suggestion/Recommendation","Simple routine","","","","","5_May'26","5_May Week 5","whatsapp"
"5/31/2026","69f789255fbbbcbf88072f7a","Product Suggestion/Recommendation","Simple routine","","","","","5_May'26","5_May Week 5","instagram"
"5/30/2026","6a13f2a04fbccfebfe6acd55","Product Suggestion/Recommendation","Dark-spots issue","","","","","5_May'26","5_May Week 5","whatsapp"
"6/1/2026","6a16f6a1ebcf5283e1b7dd79","Product Suggestion/Recommendation","Simple routine","","","","","6_Jun'26","6_Jun Week 1","whatsapp"
"6/2/2026","6a1e72e00108d5a82e20b2da","Product Suggestion/Recommendation","Simple routine","","","","","6_Jun'26","6_Jun Week 1","whatsapp"
"6/3/2026","6a2027d676ae6fa17680cbe3","Product Suggestion/Recommendation","Dull skin issue","","","","","6_Jun'26","6_Jun Week 1","whatsapp"
"6/3/2026","8398774","Product Suggestion/Recommendation","Simple routine","","","","ElasticRun","6_Jun'26","6_Jun Week 1","whatsapp"
"6/2/2026","6a08c056e52752082d4277ef","Product Suggestion/Recommendation","Acne-breakout issue","","","","","6_Jun'26","6_Jun Week 1","email"
"6/4/2026","6a096a74d5b0c58452ec1537","Product Suggestion/Recommendation","Acne-breakout issue","","","","","6_Jun'26","6_Jun Week 1","instagram"
"6/4/2026","6a21bf427b3fce5639cf7a1c","Product Suggestion/Recommendation","Dull skin issue","","","","","6_Jun'26","6_Jun Week 1","whatsapp"
"6/4/2026","6a21bf427b3fce5639cf7a1c","Product Suggestion/Recommendation","Dull skin issue","","","","","6_Jun'26","6_Jun Week 1","whatsapp"
"6/8/2026","6a26abbc384b9a4b7edf10b8","Product Suggestion/Recommendation","Simple routine","","","","","6_Jun'26","6_Jun Week 2","whatsapp"
"6/3/2026","8253087","Product Suggestion/Recommendation","Simple routine","","","","DELHIVERY","6_Jun'26","6_Jun Week 1","whatsapp"
"6/13/2026","Ecommerce","Product Suggestion/Recommendation","Dark-spots issue","","","","","6_Jun'26","6_Jun Week 2","instagram"
"6/13/2026","Ecommerce","Product Suggestion/Recommendation","Simple routine","","","","","6_Jun'26","6_Jun Week 2","instagram"
"6/15/2026","8421998","Product Suggestion/Recommendation","Simple routine","","","","Xpressbees","6_Jun'26","6_Jun Week 3","whatsapp"
"6/17/2026","8535261","Product Suggestion/Recommendation","Dull skin issue","","","","","6_Jun'26","6_Jun Week 3","whatsapp"
"6/17/2026","6a12b88ca9592b0fde14ceb0","Product Suggestion/Recommendation","Dull skin issue","","","","","6_Jun'26","6_Jun Week 3","whatsapp"
"6/18/2026","69cbb23212fa1459a619f106","Product Suggestion/Recommendation","Simple routine","","","","","6_Jun'26","6_Jun Week 3","whatsapp"
"6/18/2026","6a33b2e036a6533b2f382b69","Product Suggestion/Recommendation","Simple routine","","","","","6_Jun'26","6_Jun Week 3","whatsapp"
"6/19/2026","6a2beef26a31781d5ca6f355","Product Suggestion/Recommendation","Simple routine","","","","","6_Jun'26","6_Jun Week 3","whatsapp"
"6/22/2026","6a1d7e9eeb6df6449c673e39","Product Suggestion/Recommendation","Dull skin issue","","","","","6_Jun'26","6_Jun Week 4","whatsapp"
"6/21/2026","6a37d86ec2c4365b2d503b9c","Product Suggestion/Recommendation","Dull skin issue","","","","","6_Jun'26","6_Jun Week 3","instagram"
"6/21/2026","69e1faa04e5dc360f101176a","Product Suggestion/Recommendation","Dull skin issue","","","","","6_Jun'26","6_Jun Week 3","whatsapp"
"6/23/2026","6a39816665eee6060bc6b4bc","Product Suggestion/Recommendation","Dark-spots issue","","","","","6_Jun'26","6_Jun Week 4","instagram"
"6/29/2026","6a42327cb15251d63bbf00de","Product Suggestion/Recommendation","Dark-spots issue","","","","","6_Jun'26","6_Jun Week 5","instagram"
"6/29/2026","6a422b37b15251d63bbeeb81","Product Suggestion/Recommendation","Dull skin issue","","","","","6_Jun'26","6_Jun Week 5","instagram"
"6/28/2026","8748073","Product Suggestion/Recommendation","Dehydrated skin issue","","","","Xpressbees","6_Jun'26","6_Jun Week 4","whatsapp"
"6/30/2026","6a4367913ef5ceb5feaa7ac9","Product Suggestion/Recommendation","Dull skin issue","","","","","6_Jun'26","6_Jun Week 5","whatsapp"
"6/30/2026","6a40b9e8cf4dc6057d3d1040","Product Suggestion/Recommendation","Dull skin issue","","","","Xpressbees","6_Jun'26","6_Jun Week 5","whatsapp"
"6/30/2026","6a435f2b4741305cfbc94a0f","Product Suggestion/Recommendation","Dark-spots issue","","","","","6_Jun'26","6_Jun Week 5","instagram"
"5/11/2026","Na","Product Suggestion/Recommendation","Acne-breakout issue","","","","","5_May'26","5_May Week 2","instagram"
"6/30/2026","Na","Product Suggestion/Recommendation","Simple routine","Guava Tini De-Tan Body Scrub - 175gm","","","","6_Jun'26","6_Jun Week 5","instagram"
"7/3/2026","NA","Product Suggestion/Recommendation","Dull skin issue","","","","","7_Jul'26","7_Jul Week 1","whatsapp"
"7/2/2026","na","Product Suggestion/Recommendation","Dull skin issue","","","","","7_Jul'26","7_Jul Week 1","email"
"7/4/2026","6a48ecf2ffc599dff7d02ec4","Product Suggestion/Recommendation","Acne-breakout issue","","","","","7_Jul'26","7_Jul Week 1","whatsapp"
"7/4/2026","6a48ca91ffc599dff7cfafd3","Product Suggestion/Recommendation","Simple routine","","","","","7_Jul'26","7_Jul Week 1","instagram"
"7/4/2026","6a4803849bf784984a1c050d","Product Suggestion/Recommendation","Dull skin issue","","","","","7_Jul'26","7_Jul Week 1","instagram"
"7/5/2026","NA","Product Suggestion/Recommendation","Dull skin issue","","","","","7_Jul'26","7_Jul Week 1","whatsapp"
"7/7/2026","6a4cf29ac37688f626f114f8","Product Suggestion/Recommendation","Dull skin issue","","","","","7_Jul'26","7_Jul Week 1","instagram"
"7/7/2026","6a4c8bef660d10778cdea8b8","Product Suggestion/Recommendation","Dark-spots issue","","","","","7_Jul'26","7_Jul Week 1","instagram"
"7/6/2026","6a4bb5166c1cfb5e5a6553b5","Product Suggestion/Recommendation","Dehydrated skin issue","","","","","7_Jul'26","7_Jul Week 1","email"
"7/8/2026","6a4e1580a65f4f4361fd6457","Product Suggestion/Recommendation","Dull skin issue","","","","","7_Jul'26","7_Jul Week 2","instagram"
"7/9/2026","8794125","Product Suggestion/Recommendation","Dull skin issue","","","","DELHIVERY","7_Jul'26","7_Jul Week 2","whatsapp"
"7/14/2026","6a096a74d5b0c58452ec1537","Product Suggestion/Recommendation","Simple routine","","","","","7_Jul'26","7_Jul Week 2","instagram"
"7/15/2026","6a5765d5f1f2b0eaa4eff759","Product Suggestion/Recommendation","Oil-control issue","","","","","7_Jul'26","7_Jul Week 3","instagram"
"7/15/2026","6a5765d5f1f2b0eaa4eff759","Product Suggestion/Recommendation","Oil-control issue","","","","","7_Jul'26","7_Jul Week 3","instagram"
"7/15/2026","6a574306dd841e398ed3d62b","Product Suggestion/Recommendation","Dark-spots issue","","","","","7_Jul'26","7_Jul Week 3","instagram"
"7/15/2026","6a574306dd841e398ed3d62b","Product Suggestion/Recommendation","Dark-spots issue","","","","","7_Jul'26","7_Jul Week 3","instagram"
"7/15/2026","8574137","Product Suggestion/Recommendation","Dull skin issue","","","","","7_Jul'26","7_Jul Week 3","whatsapp"
"7/17/2026","6a59d0c92b37816170f3dc44","Product Suggestion/Recommendation","Dull skin issue","","","","","7_Jul'26","7_Jul Week 3","instagram"
"7/18/2026","6a170c985809ac2d50bc0b58","Product Suggestion/Recommendation","Acne-breakout issue","","","","","7_Jul'26","7_Jul Week 3","whatsapp"
"7/17/2026","8736530","Product Suggestion/Recommendation","Dull skin issue","","","","DELHIVERY","7_Jul'26","7_Jul Week 3","whatsapp"
"7/18/2026","6a5b05ae1eeca09388004cd2","Product Suggestion/Recommendation","Dull skin issue","","","","","7_Jul'26","7_Jul Week 3","instagram"
"7/19/2026","6a5c87c7e45551f9457504b1","Product Suggestion/Recommendation","Simple routine","","","","","7_Jul'26","7_Jul Week 3","instagram"
"7/19/2026","6a5cab5194b13b39937787c3","Product Suggestion/Recommendation","Dull skin issue","","","","","7_Jul'26","7_Jul Week 3","whatsapp"
"7/21/2026","NA","Product Suggestion/Recommendation","Dull skin issue","","","","","7_Jul'26","7_Jul Week 3","instagram"
"7/21/2026","NA","Product Suggestion/Recommendation","Acne-breakout issue","","","","","7_Jul'26","7_Jul Week 3","whatsapp"
"7/21/2026","Na","Product Suggestion/Recommendation","Dehydrated skin issue","","","","","7_Jul'26","7_Jul Week 3","instagram"
"7/19/2026","NA","Product Suggestion/Recommendation","Simple routine","","","","","7_Jul'26","7_Jul Week 3","instagram"
"7/19/2026","NA","Product Suggestion/Recommendation","Dull skin issue","","","","","7_Jul'26","7_Jul Week 3","whatsapp"
"7/17/2026","NA","Product Suggestion/Recommendation","Dull skin issue","","","","","7_Jul'26","7_Jul Week 3","instagram"
"7/22/2026","8898844","Product Suggestion/Recommendation","Simple routine","","","","Shadowfax","7_Jul'26","7_Jul Week 4","whatsapp"
"7/22/2026","8898844","Product Suggestion/Recommendation","Dull skin issue","","","","Shadowfax","7_Jul'26","7_Jul Week 4","whatsapp"
"7/22/2026","NA","Product Suggestion/Recommendation","Dull skin issue","","","","","7_Jul'26","7_Jul Week 4","instagram"
"7/23/2026","NA","Product Suggestion/Recommendation","Oil-control issue","","","","","7_Jul'26","7_Jul Week 4","instagram"
"7/23/2026","Na","Product Suggestion/Recommendation","Oil-control issue","","","","","7_Jul'26","7_Jul Week 4","instagram"
"7/23/2026","NA ","Product Suggestion/Recommendation","Dull skin issue","","","","","7_Jul'26","7_Jul Week 4","whatsapp"
"7/24/2026","na","Product Suggestion/Recommendation","Dull skin issue","","","","","7_Jul'26","7_Jul Week 4","instagram"
"7/25/2026","8837858","Product Suggestion/Recommendation","Dehydrated skin issue","","","","DELHIVERY","7_Jul'26","7_Jul Week 4","whatsapp"
"7/27/2026","na","Product Suggestion/Recommendation","Acne-breakout issue","","","","","7_Jul'26","7_Jul Week 4","whatsapp"
"7/27/2026","NA","Product Suggestion/Recommendation","Dark-spots issue","","","","","7_Jul'26","7_Jul Week 4","instagram"
"7/27/2026","na","Product Suggestion/Recommendation","Oil-control issue","","","","","7_Jul'26","7_Jul Week 4","whatsapp"
"7/29/2026","Na","Product Suggestion/Recommendation","Dull skin issue","","","","","7_Jul'26","7_Jul Week 5","instagram"
"7/29/2026","na","Product Suggestion/Recommendation","Dull skin issue","","","","","7_Jul'26","7_Jul Week 5","instagram"
"7/30/2026","Na","Product Suggestion/Recommendation","Dull skin issue","","","","","7_Jul'26","7_Jul Week 5","instagram"
"7/30/2026","Na","Product Suggestion/Recommendation","Dull skin issue","","","","","7_Jul'26","7_Jul Week 5","whatsapp"
"7/30/2026","Na","Product Suggestion/Recommendation","Oil-control issue","","","","","7_Jul'26","7_Jul Week 5","whatsapp"
"7/30/2026","na","Product Suggestion/Recommendation","Dull skin issue","","","","","7_Jul'26","7_Jul Week 5","instagram"
"7/29/2026","6a6a1ce345198a99e3675a6d","Product Suggestion/Recommendation","Dull skin issue","","","","","7_Jul'26","7_Jul Week 5","whatsapp"
"7/30/2026","6a6a4b42adbb44da4e9851d7","Product Suggestion/Recommendation","Dull skin issue","","","","","7_Jul'26","7_Jul Week 5","instagram"
"7/30/2026","na","Product Suggestion/Recommendation","Dull skin issue","","","","","7_Jul'26","7_Jul Week 5","instagram"
"8/3/2026","na","Product Suggestion/Recommendation","Dull skin issue","","","","","8_Aug'26","8_Aug Week 1","instagram"
"8/4/2026","na","Product Suggestion/Recommendation","Dull skin issue","","","","","8_Aug'26","8_Aug Week 1","instagram"
"8/4/2026","na","Product Suggestion/Recommendation","Dark-spots issue","","","","","8_Aug'26","8_Aug Week 1","instagram"
"8/4/2026","na","Product Suggestion/Recommendation","Dull skin issue","","","","","8_Aug'26","8_Aug Week 1","whatsapp"
"8/4/2026","Na","Product Suggestion/Recommendation","Dull skin issue","","","","","8_Aug'26","8_Aug Week 1","whatsapp"
"8/4/2026","NA","Product Suggestion/Recommendation","Acne-breakout issue","","","","","8_Aug'26","8_Aug Week 1","whatsapp"
"8/5/2026","na","Product Suggestion/Recommendation","Oil-control issue","","","","","8_Aug'26","8_Aug Week 1","whatsapp"
"8/9/2026","Na","Product Suggestion/Recommendation","Dark-spots issue","","","","","8_Aug'26","8_Aug Week 2","instagram"
"8/14/2026","Na","Product Suggestion/Recommendation","Dull skin issue","","","","","8_Aug'26","8_Aug Week 2","instagram"
"8/16/2026","na","Product Suggestion/Recommendation","Dull skin issue","","","","","8_Aug'26","8_Aug Week 3","instagram"
"8/17/2026","Na","Product Suggestion/Recommendation","Dull skin issue","","","","","8_Aug'26","8_Aug Week 3","whatsapp"
"8/17/2026","na","Product Suggestion/Recommendation","Dull skin issue","","","","","8_Aug'26","8_Aug Week 3","whatsapp"
"8/18/2026","NA","Product Suggestion/Recommendation","Dark-spots issue","","","","","8_Aug'26","8_Aug Week 3","whatsapp"
"8/18/2026","NA","Product Suggestion/Recommendation","Simple routine","","","","","8_Aug'26","8_Aug Week 3","instagram"
"8/18/2026","NA","Product Suggestion/Recommendation","Dull skin issue","","","","","8_Aug'26","8_Aug Week 3","whatsapp"
"8/18/2026","NA","Product Suggestion/Recommendation","Simple routine","","","","","8_Aug'26","8_Aug Week 3","instagram"
"8/19/2026","MCaff9050380","Product Suggestion/Recommendation","Simple routine","Guava Tini De-Tan Body Wash,Caramel Crunch Exfoliating Body Wash","","","Shadowfax","8_Aug'26","8_Aug Week 3","whatsapp"
"8/19/2026","MCaff9278332","Product Suggestion/Recommendation","Dull skin issue","","","","","8_Aug'26","8_Aug Week 3","whatsapp"
"8/19/2026","NA","Product Suggestion/Recommendation","Simple routine","","","","","8_Aug'26","8_Aug Week 3","whatsapp"
"8/20/2026","NA","Product Suggestion/Recommendation","Dull skin issue","","","","","8_Aug'26","8_Aug Week 3","whatsapp"
"8/20/2026","na","Product Suggestion/Recommendation","Simple routine","","","","","8_Aug'26","8_Aug Week 3","whatsapp"
"8/20/2026","na","Product Suggestion/Recommendation","Dull skin issue","","","","","8_Aug'26","8_Aug Week 3","instagram"
"8/20/2026","MCaff9292166","Product Suggestion/Recommendation","Oil-control issue","Coffee Body Wash with Cocoa 200 ml","","","","8_Aug'26","8_Aug Week 3","whatsapp"
"8/20/2026","NA","Product Suggestion/Recommendation","Simple routine","","","","","8_Aug'26","8_Aug Week 3","liveChat"
"8/20/2026","MCaff9292843","Product Suggestion/Recommendation","Dull skin issue","","","","","8_Aug'26","8_Aug Week 3","whatsapp"
"8/20/2026","MCaff9292738","Product Suggestion/Recommendation","Dull skin issue","","","","","8_Aug'26","8_Aug Week 3","whatsapp"
"8/20/2026","MCaff9080756","Product Suggestion/Recommendation","Dull skin issue","","","","Xpressbees","8_Aug'26","8_Aug Week 3","whatsapp"
"8/21/2026","NA","Product Suggestion/Recommendation","Simple routine","","","","","8_Aug'26","8_Aug Week 3","whatsapp"
"8/21/2026","MCaff9227250","Product Suggestion/Recommendation","Simple routine","","","","DELHIVERY","8_Aug'26","8_Aug Week 3","whatsapp"
"8/22/2026","NA","Product Suggestion/Recommendation","Simple routine","","","","","8_Aug'26","8_Aug Week 4","whatsapp"
"8/23/2026","MCaff9302611","Product Suggestion/Recommendation","Acne-breakout issue","","","","DELHIVERY","8_Aug'26","8_Aug Week 4","whatsapp"
"8/20/2026","N/A","Product Suggestion/Recommendation","Acne-breakout issue","","","","","8_Aug'26","8_Aug Week 3","whatsapp"
"8/19/2026","N/A","Product Suggestion/Recommendation","Dull skin issue","","","","","8_Aug'26","8_Aug Week 3","whatsapp"
"8/24/2026","NA","Product Suggestion/Recommendation","Dull skin issue","","","","","8_Aug'26","8_Aug Week 4","liveChat"
"8/24/2026","MCaff9307319","Product Suggestion/Recommendation","Dull skin issue","","","","DELHIVERY","8_Aug'26","8_Aug Week 4","whatsapp"
"8/25/2026","NA","Product Suggestion/Recommendation","Dull skin issue","","","","","8_Aug'26","8_Aug Week 4","instagram"
"8/25/2026","MCaff9212688","Product Suggestion/Recommendation","Dull skin issue","","","","Shadowfax","8_Aug'26","8_Aug Week 4","liveChat"
"8/25/2026","NA","Product Suggestion/Recommendation","Simple routine","","","","","8_Aug'26","8_Aug Week 4","liveChat"
"8/28/2026","Na","Product Suggestion/Recommendation","Dull skin issue","","","","","8_Aug'26","8_Aug Week 4","whatsapp"
"8/28/2026","MCaff9324327","Product Suggestion/Recommendation","Dark-spots issue","","","","","8_Aug'26","8_Aug Week 4","whatsapp"
"8/29/2026","MCaff9285310","Product Suggestion/Recommendation","Dull skin issue","","","","DELHIVERY","8_Aug'26","8_Aug Week 5","whatsapp"
